date,number,pass_in
20210301,20689,20234
20210302,44535,44827
20210303,45346,46119
20210304,44638,45661
20210305,47902,49035
20210306,36507,37283
20210307,26463,25956
20210308,45071,45396
20210309,45355,46020
20210310,45972,46440
20210311,45466,46600
20210312,47646,48935
20210313,36692,37302
20210314,27343,26608
20210315,44783,45024
20210316,45564,46096
20210317,46313,47232
20210318,46161,46913
20210319,48373,50320
20210320,33703,34637
20210321,27113,26340
20210322,45095,45753
20210323,45617,46514
20210324,46408,47233
20210325,46177,47040
20210326,48159,50037
20210327,33042,34618
20210328,24395,23799
20210329,44703,45346
20210330,45508,46237
20210331,46618,47417
20210401,45992,47131
20210402,47822,49373
20210403,30109,31435
20210404,26085,25240
20210405,45514,46147
20210406,46045,46631
20210407,45389,46151
20210408,45362,46231
20210409,47194,48883
20210410,35314,36491
20210411,26628,25590
20210412,42769,43344
20210413,44668,45513
20210414,45325,46417
20210415,45219,46075
20210416,45242,47077
20210417,33525,35036
20210418,25835,25088
20210419,44324,44754
20210420,45534,46242
20210421,45375,46306
20210422,44807,46061
20210423,46586,48770
20210424,34845,36176
20210425,26477,25630
20210426,45256,45939
20210427,45457,46407
20210428,46058,47019
20210429,45643,46707
20210430,47350,49292
20210501,32178,33592
20210502,26189,25640
20210503,45510,45834
20210504,44744,45918
20210505,30018,29922
20210506,45909,46702
20210507,45493,48334
20210508,29556,31789
20210509,27517,24911
20210510,44766,44685
20210511,46665,47472
20210512,46808,47358
20210513,46635,47450
20210514,48665,50281
20210515,33950,35192
20210516,22361,21994
20210517,44235,44904
20210518,47980,49207
20210519,32162,32261
20210520,45091,45975
20210521,46456,48356
20210522,36296,37261
20210523,26425,25525
20210524,44992,45302
20210525,45346,46349
20210526,46540,47265
20210527,44493,45495
20210528,45943,47809
20210529,35248,36480
20210530,26745,26035
20210531,44188,44606
20210601,44979,45689
20210602,45740,46285
20210603,43647,44567
20210604,47124,49005
20210605,35293,36461
20210606,25650,24989
20210607,44502,44766
20210608,45538,46377
20210609,45488,46365
20210610,45711,47101
20210611,45705,47334
20210612,34086,35650
20210613,25541,24717
20210614,45313,45555
20210615,44545,45445
20210616,46033,46791
20210617,45865,46600
20210618,46613,48286
20210619,35853,37350
20210620,26846,25778
20210621,46486,46548
20210622,47000,47582
20210623,46716,47666
20210624,47377,48195
20210625,48633,50475
20210626,35069,36681
20210627,27528,26451
20210628,46033,46045
20210629,47084,47757
20210630,46566,47195
20210701,47010,48042
20210702,48308,50140
20210703,32914,34603
20210704,23407,22487
20210705,46994,47288
20210706,47517,48070
20210707,45692,46312
20210708,44327,45242
20210709,44550,46113
20210710,29406,30505
20210711,21671,20979
20210712,40460,40527
20210713,40003,40665
20210714,39632,40195
20210715,39098,39919
20210716,39961,41638
20210717,27496,29057
20210718,20276,19484
20210719,39375,39346
20210720,40121,40641
20210721,39724,40369
20210722,38785,39792
20210723,39748,41537
20210724,27393,28244
20210725,20017,19091
20210726,39262,39635
20210727,39235,40007
20210728,39339,39886
20210729,38564,39679
20210730,39651,41238
20210731,26840,28016
20210801,19316,18704
20210802,37913,38027
20210803,38216,38800
20210804,38844,39193
20210805,39302,39951
20210806,39493,40772
20210807,28546,29685
20210808,20929,20203
20210809,40613,40597
20210810,40739,41523
20210811,40460,41336
20210812,40234,41292
20210813,40372,42407
20210814,28318,30111
20210815,22061,21450
20210816,27438,26324
20210817,41026,41369
20210818,40338,41129
20210819,41610,42016
20210820,42203,43446
20210821,27557,28381
20210822,22783,22227
20210823,40683,41217
20210824,40696,41284
20210825,42381,43121
20210826,42198,42849
20210827,42603,43957
20210828,32025,33026
20210829,23497,22623
20210830,42404,42746
20210831,40539,41546