date,number,day
20210301,20689,MON
20210302,44535,TUE
20210303,45346,WED
20210304,44638,THU
20210305,47902,FRI
20210306,36507,SAT
20210307,26463,SUN
20210308,45071,MON
20210309,45355,TUE
20210310,45972,WED
20210311,45466,THU
20210312,47646,FRI
20210313,36692,SAT
20210314,27343,SUN
20210315,44783,MON
20210316,45564,TUE
20210317,46313,WED
20210318,46161,THU
20210319,48373,FRI
20210320,33703,SAT
20210321,27113,SUN
20210322,45095,MON
20210323,45617,TUE
20210324,46408,WED
20210325,46177,THU
20210326,48159,FRI
20210327,33042,SAT
20210328,24395,SUN
20210329,44703,MON
20210330,45508,TUE
20210331,46618,WED
20210401,45992,THU
20210402,47822,FRI
20210403,30109,SAT
20210404,26085,SUN
20210405,45514,MON
20210406,46045,TUE
20210407,45389,WED
20210408,45362,THU
20210409,47194,FRI
20210410,35314,SAT
20210411,26628,SUN
20210412,42769,MON
20210413,44668,TUE
20210414,45325,WED
20210415,45219,THU
20210416,45242,FRI
20210417,33525,SAT
20210418,25835,SUN
20210419,44324,MON
20210420,45534,TUE
20210421,45375,WED
20210422,44807,THU
20210423,46586,FRI
20210424,34845,SAT
20210425,26477,SUN
20210426,45256,MON
20210427,45457,TUE
20210428,46058,WED
20210429,45643,THU
20210430,47350,FRI
20210501,32178,SAT
20210502,26189,SUN
20210503,45510,MON
20210504,44744,TUE
20210505,30018,WED
20210506,45909,THU
20210507,45493,FRI
20210508,29556,SAT
20210509,27517,SUN
20210510,44766,MON
20210511,46665,TUE
20210512,46808,WED
20210513,46635,THU
20210514,48665,FRI
20210515,33950,SAT
20210516,22361,SUN
20210517,44235,MON
20210518,47980,TUE
20210519,32162,WED
20210520,45091,THU
20210521,46456,FRI
20210522,36296,SAT
20210523,26425,SUN
20210524,44992,MON
20210525,45346,TUE
20210526,46540,WED
20210527,44493,THU
20210528,45943,FRI
20210529,35248,SAT
20210530,26745,SUN
20210531,44188,MON
20210601,44979,TUE
20210602,45740,WED
20210603,43647,THU
20210604,47124,FRI
20210605,35293,SAT
20210606,25650,SUN
20210607,44502,MON
20210608,45538,TUE
20210609,45488,WED
20210610,45711,THU
20210611,45705,FRI
20210612,34086,SAT
20210613,25541,SUN
20210614,45313,MON
20210615,44545,TUE
20210616,46033,WED
20210617,45865,THU
20210618,46613,FRI
20210619,35853,SAT
20210620,26846,SUN
20210621,46486,MON
20210622,47000,TUE
20210623,46716,WED
20210624,47377,THU
20210625,48633,FRI
20210626,35069,SAT
20210627,27528,SUN
20210628,46033,MON
20210629,47084,TUE
20210630,46566,WED
20210701,47010,THU
20210702,48308,FRI
20210703,32914,SAT
20210704,23407,SUN
20210705,46994,MON
20210706,47517,TUE
20210707,45692,WED
20210708,44327,THU
20210709,44550,FRI
20210710,29406,SAT
20210711,21671,SUN
20210712,40460,MON
20210713,40003,TUE
20210714,39632,WED
20210715,39098,THU
20210716,39961,FRI
20210717,27496,SAT
20210718,20276,SUN
20210719,39375,MON
20210720,40121,TUE
20210721,39724,WED
20210722,38785,THU
20210723,39748,FRI
20210724,27393,SAT
20210725,20017,SUN
20210726,39262,MON
20210727,39235,TUE
20210728,39339,WED
20210729,38564,THU
20210730,39651,FRI
20210731,26840,SAT
20210801,19316,SUN
20210802,37913,MON
20210803,38216,TUE
20210804,38844,WED
20210805,39302,THU
20210806,39493,FRI
20210807,28546,SAT
20210808,20929,SUN
20210809,40613,MON
20210810,40739,TUE
20210811,40460,WED
20210812,40234,THU
20210813,40372,FRI
20210814,28318,SAT
20210815,22061,SUN
20210816,27438,MON
20210817,41026,TUE
20210818,40338,WED
20210819,41610,THU
20210820,42203,FRI
20210821,27557,SAT
20210822,22783,SUN
20210823,40683,MON
20210824,40696,TUE
20210825,42381,WED
20210826,42198,THU
20210827,42603,FRI
20210828,32025,SAT
20210829,23497,SUN
20210830,42404,MON
20210831,40539,TUE